Index,Prefix,Department ID,Department,Description of Asset,Asset Number,SAP No.,Type,Manufacturer/Supplier,Model,Mfg SN,Mfg Year,Est Value,Maintenance Frequency,Functional Location,Functional Loc. Description,Assign Project,Floor,Prod. Line,Start Date,Due Date,Day Left,Status,Remark
1,16INJ,88-15ME-16INJ-001,,16 INJECTION,I08292,,MACHINE,,,,,,,OBSOLETE,,,,,,,,Obsolete,"16 INJECTION, GROUND FLOOR"
2,16INJ,88-15ME-16INJ-002,,16 INJECTION,I07090,,MACHINE,MINGXICHINA,H5-C90-2--SC,2021-88242,2021.0,,,OBSOLETE,,,,,,,,Obsolete,16 INJECTION
3,16INJ,88-15ME-16INJ-003,,16 INJECTION,I07088,,MACHINE,MINGXICHINA,H5-C90-2--SC,2021-88245,2021.0,,,OBSOLETE,,,,,,,,Obsolete,16 INJECTION
4,3VMS,88-15ME-3VMS-001,,3D VIDEO MEASURING SYSTEM,I06071,,MACHINE,SUNMAX ACTIVE TECHNOLOGY,,,,,,,,,,,,,,Idle,
5,8PSHH,88-15ME-8PSHH-001,,8 POINT SINGLE HEAD HEAT STAKING MACHINE,I05903,,MACHINE,KSONIC,,,,,,,,,,,,,,Idle,
6,WDF008,88-15ME-WDF008-001,,ACCESSORIES SCREW FIXTURE,,,JIG,,VS-WDF008,WDF20251129-008-001,2025.0,,,1006-10PE,ASSEMBLY (PRODUCTION),AIPER,F2_LINE,,,,,Good,
7,AGP,88-15ME-AGP-001,NAN,AIR GREASE PUMP,NAN,NAN,MACHINE,NAN,NAN,NAN,2025.0,NAN,NONE,NAN,NAN,NAN,2,SUBLINE 2 MCTC,2026-02-22,2026-05-23,90.0,Idle,NAN
8,WDF003,88-15ME-WDF003-001,,AIRTIGHT TEST FIXTURE 1,,,FIXTURE,,VS-WDF003,WDF20251129-003-001,2025.0,,,1006-10PE,ASSEMBLY (PRODUCTION),AIPER,F2_LINE,,,,,Good,
9,WDF032,88-15ME-WDF032-001,,AIRTIGHT TEST FIXTURE 1,,,FIXTURE,,VS-WDF032,WDF20251129-032-001,2025.0,,,1006-10PE,ASSEMBLY (PRODUCTION),AIPER,F2_LINE,,,,,Good,
10,WDF003,88-15ME-WDF003-002,,AIRTIGHT TEST FIXTURE 2,,,FIXTURE,,VS-WDF003,WDF20251129-003-002,2025.0,,,1006-10PE,ASSEMBLY (PRODUCTION),AIPER,F2_LINE,,,,,Good,
11,WDF032,88-15ME-WDF032-002,,AIRTIGHT TEST FIXTURE 2,,,FIXTURE,,VS-WDF032,WDF20251129-032-002,2025.0,,,1006-10PE,ASSEMBLY (PRODUCTION),AIPER,F2_LINE,,,,,Good,
12,ALBCO,88-15ME-ALBCO-001,,ALBANY CONVEYOR,I08390,,MACHINE,SYNERGY,,,,,,1006-10PE-P1F2,PLO 62 FLOOR 02,,,,,,,Idle,
13,ACES,88-15ME-ACES-001,,AUTOMATIC CARTON EDGE SEAL,I06354,,MACHINE,DLIS,AT4EL22-3,216003,2021.0,,WEEKLY,1006-10PE,ASSEMBLY (PRODUCTION),AIPER,F2_LINE,,,,,Good,
14,ACES,88-15ME-ACES-002,,AUTOMATIC CARTON EDGE SEAL,I07874,,MACHINE,DLIS,AT4EL22-3,226003,2022.0,,WEEKLY,1006-10PE,ASSEMBLY (PRODUCTION),AIPER,F2_LINE,,,,,Good,
15,ACHS,88-15ME-ACHS-001,,AUTOMATIC CARTON HEAD SEAL,I07873,,MACHINE,DLIS,MSD22-2,221203/201679,2022.0,,WEEKLY,1006-10PE,ASSEMBLY (PRODUCTION),AIPER,F2_LINE,,,,,Good,
16,ACHS,88-15ME-ACHS-002,,AUTOMATIC CARTON HEAD SEAL,I07897,,MACHINE,JTU PTE LTD,YQA-6060,20220105001,2022.0,,,1006-10PE,ASSEMBLY (PRODUCTION),AIPER,F2_LINE,,,,,Good,
17,ADM,88-15ME-ADM-001,,AUTOMATIC DISPENSING MACHINE,,,MACHINE,,YQ083A,,,,,1006-10PE,ASSEMBLY (PRODUCTION),AIPER,F2_LINE,,,,,Good,
18,ADM,88-15ME-ADM-002,,AUTOMATIC DISPENSING MACHINE,,,MACHINE,,YQ083A,,,,,,,,,,,,,Idle,
19,ADM,88-15ME-ADM-003,,AUTOMATIC DISPENSING MACHINE,,,MACHINE,,YQ083A,,,,,,,,,,,,,Idle,
20,AUTNU,88-15ME-AUTNU-001,,AUTOMATIC NUT FEEDER,,,MACHINE,RUNJN/MASAHI,RJ1069-N,,2025.0,,,,,,,,,,,Idle,
21,AUTSC,88-15ME-AUTSC-001,,AUTOMATIC SCREW FEEDER,,,MACHINE,,,,2025.0,,,,,,,,,,,Idle,
22,AUTSC,88-15ME-AUTSC-002,,AUTOMATIC SCREW FEEDER,,,MACHINE,,,,,,,,,,,,,,,Idle,
23,AUTSC,88-15ME-AUTSC-003,,AUTOMATIC SCREW FEEDER,,,MACHINE,,,,,,,,,,,,,,,Idle,
24,AUTSC,88-15ME-AUTSC-004,,AUTOMATIC SCREW FEEDER,,,MACHINE,,,,,,,,,,,,,,,Idle,
25,AUTSC,88-15ME-AUTSC-005,,AUTOMATIC SCREW FEEDER,,,MACHINE,,,,,,,,,,,,,,,Idle,
26,AUTSC,88-15ME-AUTSC-006,,AUTOMATIC SCREW FEEDER,,,MACHINE,,,,,,,,,,,,,,,Idle,
27,AUTSC,88-15ME-AUTSC-007,,AUTOMATIC SCREW FEEDER,,,MACHINE,,,,,,,,,,,,,,,Idle,
28,AUTSC,88-15ME-AUTSC-008,,AUTOMATIC SCREW FEEDER,,,MACHINE,,,,,,,,,,,,,,,Idle,
29,AUTSC,88-15ME-AUTSC-009,,AUTOMATIC SCREW FEEDER,,,MACHINE,,,,,,,,,,,,,,,Idle,
30,AUTSC,88-15ME-AUTSC-010,,AUTOMATIC SCREW FEEDER,,,MACHINE,,,,,,,,,,,,,,,Idle,
31,AUTSC,88-15ME-AUTSC-011,,AUTOMATIC SCREW FEEDER,,,MACHINE,,,,,,,,,,,,,,,Idle,
32,AUTSC,88-15ME-AUTSC-012,,AUTOMATIC SCREW FEEDER,,,MACHINE,,,,,,,,,,,,,,,Idle,
33,AUTSC,88-15ME-AUTSC-013,,AUTOMATIC SCREW FEEDER,,,MACHINE,,,,,,,,,,,,,,,Idle,
34,AUTSC,88-15ME-AUTSC-014,,AUTOMATIC SCREW FEEDER,,,MACHINE,,,,,,,,,,,,,,,Idle,
35,AUTSC,88-15ME-AUTSC-015,,AUTOMATIC SCREW FEEDER,,,MACHINE,,,,,,,,,,,,,,,Idle,
36,AUTSC,88-15ME-AUTSC-016,,AUTOMATIC SCREW FEEDER,,,MACHINE,,,,,,,,,,,,,,,Idle,
37,AUTSC,88-15ME-AUTSC-017,,AUTOMATIC SCREW FEEDER,,,MACHINE,,,,,,,,,,,,,,,Idle,
38,AUTSC,88-15ME-AUTSC-018,,AUTOMATIC SCREW FEEDER,,,MACHINE,,,,,,,,,,,,,,,Idle,
39,AUTSC,88-15ME-AUTSC-019,,AUTOMATIC SCREW FEEDER,,,MACHINE,,,,,,,,,,,,,,,Idle,
40,AUTSC,88-15ME-AUTSC-020,,AUTOMATIC SCREW FEEDER,,,MACHINE,,,,,,,,,,,,,,,Idle,
41,AUTSC,88-15ME-AUTSC-021,,AUTOMATIC SCREW FEEDER,,,MACHINE,,,,,,,,,,,,,,,Idle,
42,AUTSC,88-15ME-AUTSC-022,,AUTOMATIC SCREW FEEDER,,,MACHINE,,,,,,,,,,,,,,,Idle,
43,AUTSC,88-15ME-AUTSC-023,,AUTOMATIC SCREW FEEDER,,,MACHINE,,,,,,,,,,,,,,,Idle,
44,AUTSC,88-15ME-AUTSC-024,,AUTOMATIC SCREW FEEDER,,,MACHINE,,,,,,,,,,,,,,,Idle,
45,AUTSC,88-15ME-AUTSC-025,,AUTOMATIC SCREW FEEDER,,,MACHINE,,,,,,,,,,,,,,,Idle,
46,AUTSC,88-15ME-AUTSC-026,,AUTOMATIC SCREW FEEDER,,,MACHINE,,,,,,,,,,,,,,,Idle,
47,AUTSC,88-15ME-AUTSC-027,,AUTOMATIC SCREW FEEDER,,,MACHINE,,,,,,,,,,,,,,,Idle,
48,AUTSC,88-15ME-AUTSC-028,,AUTOMATIC SCREW FEEDER,,,MACHINE,,,,,,,,,,,,,,,Idle,
49,AUTSC,88-15ME-AUTSC-029,,AUTOMATIC SCREW FEEDER,,,MACHINE,,,,,,,,,,,,,,,Idle,
50,AUTSC,88-15ME-AUTSC-030,,AUTOMATIC SCREW FEEDER,,,MACHINE,,,,,,,,,,,,,,,Idle,
51,AUTSC,88-15ME-AUTSC-031,,AUTOMATIC SCREW FEEDER,,,MACHINE,,,,,,,,,,,,,,,Idle,
52,AUTSC,88-15ME-AUTSC-032,,AUTOMATIC SCREW FEEDER,,,MACHINE,,,,,,,,,,,,,,,Idle,
53,AUTSC,88-15ME-AUTSC-033,,AUTOMATIC SCREW FEEDER,,,MACHINE,,,,,,,,,,,,,,,Idle,
54,AUTSC,88-15ME-AUTSC-034,,AUTOMATIC SCREW FEEDER,,,MACHINE,,,,,,,,,,,,,,,Idle,
55,AUTSC,88-15ME-AUTSC-035,,AUTOMATIC SCREW FEEDER,,,MACHINE,,,,,,,,,,,,,,,Idle,
56,AUTSC,88-15ME-AUTSC-036,,AUTOMATIC SCREW FEEDER,,,MACHINE,,,,,,,,,,,,,,,Idle,
57,AUTSC,88-15ME-AUTSC-037,,AUTOMATIC SCREW FEEDER,,,MACHINE,,,,,,,,,,,,,,,Idle,
58,AUTSC,88-15ME-AUTSC-038,,AUTOMATIC SCREW FEEDER,,,MACHINE,,,,,,,,,,,,,,,Idle,
59,AUTSC,88-15ME-AUTSC-039,,AUTOMATIC SCREW FEEDER,,,MACHINE,,,,,,,,,,,,,,,Idle,
60,AUTSC,88-15ME-AUTSC-040,,AUTOMATIC SCREW FEEDER,,,MACHINE,,,,,,,,,,,,,,,Idle,
61,AUTSC,88-15ME-AUTSC-041,,AUTOMATIC SCREW FEEDER,,,MACHINE,,,,,,,,,,,,,,,Idle,
62,AUTSC,88-15ME-AUTSC-042,,AUTOMATIC SCREW FEEDER,,,MACHINE,,,,,,,,,,,,,,,Idle,
63,AUTSC,88-15ME-AUTSC-043,,AUTOMATIC SCREW FEEDER,,,MACHINE,,,,,,,,,,,,,,,Idle,
64,AUTSC,88-15ME-AUTSC-044,,AUTOMATIC SCREW FEEDER,,,MACHINE,,,,,,,,,,,,,,,Idle,
65,AUTSC,88-15ME-AUTSC-045,,AUTOMATIC SCREW FEEDER,,,MACHINE,,,,,,,,,,,,,,,Idle,
66,AUTSC,88-15ME-AUTSC-046,,AUTOMATIC SCREW FEEDER,,,MACHINE,,,,,,,,,,,,,,,Idle,
67,AUTSC,88-15ME-AUTSC-047,,AUTOMATIC SCREW FEEDER,,,MACHINE,,,,,,,,,,,,,,,Idle,
68,AUTSC,88-15ME-AUTSC-048,,AUTOMATIC SCREW FEEDER,,,MACHINE,,,,,,,,,,,,,,,Idle,
69,AUTSC,88-15ME-AUTSC-049,,AUTOMATIC SCREW FEEDER,,,MACHINE,,,,,,,,,,,,,,,Idle,
70,AUTSC,88-15ME-AUTSC-050,,AUTOMATIC SCREW FEEDER,,,MACHINE,,,,,,,,,,,,,,,Idle,
71,AUTSC,88-15ME-AUTSC-051,,AUTOMATIC SCREW FEEDER,,,MACHINE,,,,,,,,,,,,,,,Idle,
72,AUTSC,88-15ME-AUTSC-052,,AUTOMATIC SCREW FEEDER,,,MACHINE,,,,,,,,,,,,,,,Idle,
73,AUTSC,88-15ME-AUTSC-053,,AUTOMATIC SCREW FEEDER,,,MACHINE,,,,,,,,,,,,,,,Idle,
74,AUTSC,88-15ME-AUTSC-054,,AUTOMATIC SCREW FEEDER,,,MACHINE,,,,,,,,,,,,,,,Idle,
75,AUTSC,88-15ME-AUTSC-055,,AUTOMATIC SCREW FEEDER,,,MACHINE,,,,,,,,,,,,,,,Idle,
76,ASFAM,88-15ME-ASFAM-001,,AUTOMATIC SCREW FEEDER AUTO MACHINE,,,MACHINE,,,,,,,,,,,,,,,Idle,
77,ASFAM,88-15ME-ASFAM-002,,AUTOMATIC SCREW FEEDER AUTO MACHINE,,,MACHINE,,,,,,,,,,,,,,,Idle,
78,ASFAM,88-15ME-ASFAM-003,,AUTOMATIC SCREW FEEDER AUTO MACHINE,,,MACHINE,,,,,,,,,,,,,,,Idle,
79,ASFAM,88-15ME-ASFAM-004,,AUTOMATIC SCREW FEEDER AUTO MACHINE,,,MACHINE,,,,,,,,,,,,,,,Idle,
80,ASFAM,88-15ME-ASFAM-005,,AUTOMATIC SCREW FEEDER AUTO MACHINE,,,MACHINE,,,,,,,,,,,,,,,Idle,
81,ASFAM,88-15ME-ASFAM-006,,AUTOMATIC SCREW FEEDER AUTO MACHINE,,,MACHINE,,,,,,,,,,,,,,,Idle,
82,ASFAM,88-15ME-ASFAM-007,,AUTOMATIC SCREW FEEDER AUTO MACHINE,,,MACHINE,,,,,,,,,,,,,,,Idle,
83,ASFAM,88-15ME-ASFAM-008,,AUTOMATIC SCREW FEEDER AUTO MACHINE,,,MACHINE,,,,,,,,,,,,,,,Idle,
84,ASFAM,88-15ME-ASFAM-009,,AUTOMATIC SCREW FEEDER AUTO MACHINE,,,MACHINE,,,,,,,,,,,,,,,Idle,
85,ASFAM,88-15ME-ASFAM-010,,AUTOMATIC SCREW FEEDER AUTO MACHINE,,,MACHINE,,,,,,,,,,,,,,,Idle,
86,ASFAM,88-15ME-ASFAM-011,,AUTOMATIC SCREW FEEDER AUTO MACHINE,,,MACHINE,,,,,,,,,,,,,,,Idle,
87,ASFAM,88-15ME-ASFAM-012,,AUTOMATIC SCREW FEEDER AUTO MACHINE,,,MACHINE,,,,,,,,,,,,,,,Idle,
88,ASFAM,88-15ME-ASFAM-013,,AUTOMATIC SCREW FEEDER AUTO MACHINE,,,MACHINE,,,,,,,,,,,,,,,Idle,
89,ASFAM,88-15ME-ASFAM-014,,AUTOMATIC SCREW FEEDER AUTO MACHINE,,,MACHINE,,,,,,,,,,,,,,,Idle,
90,ASFAM,88-15ME-ASFAM-015,,AUTOMATIC SCREW FEEDER AUTO MACHINE,,,MACHINE,,,,,,,,,,,,,,,Idle,
91,ASFAM,88-15ME-ASFAM-016,,AUTOMATIC SCREW FEEDER AUTO MACHINE,,,MACHINE,,,,,,,,,,,,,,,Idle,
92,ASFAM,88-15ME-ASFAM-017,,AUTOMATIC SCREW FEEDER AUTO MACHINE,,,MACHINE,,,,,,,,,,,,,,,Idle,
93,ASFAM,88-15ME-ASFAM-018,,AUTOMATIC SCREW FEEDER AUTO MACHINE,,,MACHINE,,,,,,,,,,,,,,,Idle,
94,ASFAM,88-15ME-ASFAM-019,,AUTOMATIC SCREW FEEDER AUTO MACHINE,,,MACHINE,,,,,,,,,,,,,,,Idle,
95,ASFAM,88-15ME-ASFAM-020,,AUTOMATIC SCREW FEEDER AUTO MACHINE,,,MACHINE,,,,,,,,,,,,,,,Idle,
96,ASFAM,88-15ME-ASFAM-021,,AUTOMATIC SCREW FEEDER AUTO MACHINE,,,MACHINE,,,,,,,,,,,,,,,Idle,
97,ASFAM,88-15ME-ASFAM-022,,AUTOMATIC SCREW FEEDER AUTO MACHINE,,,MACHINE,,,,,,,,,,,,,,,Idle,
98,ASFAM,88-15ME-ASFAM-023,,AUTOMATIC SCREW FEEDER AUTO MACHINE,,,MACHINE,,,,,,,,,,,,,,,Idle,
99,ASFAM,88-15ME-ASFAM-024,,AUTOMATIC SCREW FEEDER AUTO MACHINE,,,MACHINE,,,,,,,,,,,,,,,Idle,
100,ASFAM,88-15ME-ASFAM-025,,AUTOMATIC SCREW FEEDER AUTO MACHINE,,,MACHINE,,,,,,,,,,,,,,,Idle,
101,ASFAM,88-15ME-ASFAM-026,,AUTOMATIC SCREW FEEDER AUTO MACHINE,,,MACHINE,,,,,,,,,,,,,,,Idle,
102,ASFAM,88-15ME-ASFAM-027,,AUTOMATIC SCREW FEEDER AUTO MACHINE,,,MACHINE,,,,,,,,,,,,,,,Idle,
103,ASFAM,88-15ME-ASFAM-028,,AUTOMATIC SCREW FEEDER AUTO MACHINE,,,MACHINE,,,,,,,,,,,,,,,Idle,
104,ASFAM,88-15ME-ASFAM-029,,AUTOMATIC SCREW FEEDER AUTO MACHINE,,,MACHINE,,,,,,,,,,,,,,,Idle,
105,AUTSC,88-15ME-AUTSC-056,,AUTOMATIC SCREWING MACHINE,I07381,,MACHINE,EVOLUTION MARKETING,,,,,,1006-10PE-P1F0,PLO 62 GROUND FLOOR,,,,,,,Idle,
106,AUTSC,88-15ME-AUTSC-057,,AUTOMATIC SCREWING MACHINE,,,MACHINE,EVOLUTION MARKETING,,,,,,1006-10PE-P1F2,PLO 62 FLOOR 02,,,,,,,Idle,
107,AUTSC,88-15ME-AUTSC-058,,AUTOMATIC SCREWING MACHINE,,,MACHINE,EVOLUTION MARKETING,,,,,,1006-10PE-P1F2,PLO 62 FLOOR 02,,,,,,,Idle,
108,AUTSC,88-15ME-AUTSC-059,,AUTOMATIC SCREWING MACHINE,,,MACHINE,SHENZEN WATERUN TECHNOLOGIES,WT-4221-2Y,20221SF002,2022.0,,,1006-10PE-P1F2,PLO 62 FLOOR 02,,,,,,,Idle,
109,AUTSC,88-15ME-AUTSC-060,,AUTOMATIC SCREWING MACHINE,I08086,,MACHINE,GUANDONG BRADY ROBOT,SC220II,BD0219111252,2021.0,,,1006-10PE-P1F0,PLO 62 GROUND FLOOR,,,,,,,Idle,
110,AUTSC,88-15ME-AUTSC-061,,AUTOMATIC SCREWING MACHINE,I08081,,MACHINE,GUANDONG BRADY ROBOT,SC220II,BD0220010428,2022.0,,,1006-10PE-P1F0,PLO 62 GROUND FLOOR,,,,,,,Idle,
111,AUTSC,88-15ME-AUTSC-062,,AUTOMATIC SCREWING MACHINE,I08085,,MACHINE,GUANDONG BRADY ROBOT,SC220II,BD0220010427,2022.0,,,1006-10PE-P1F0,PLO 62 GROUND FLOOR,,,,,,,Idle,
112,AUTSC,88-15ME-AUTSC-063,,AUTOMATIC SCREWING MACHINE,I08172,,MACHINE,GUANDONG BRADY ROBOT,SC220II,BD0219030109,2021.0,,,1006-10PE-P1F2,PLO 62 FLOOR 02,,,,,,,Idle,
113,AUTSC,88-15ME-AUTSC-064,,AUTOMATIC SCREWING MACHINE,I08077,,MACHINE,GUANDONG BRADY ROBOT,SC220II,BD219111253,2021.0,,,1006-10PE-P1F0,PLO 62 GROUND FLOOR,,,,,,,Idle,
114,AUTSO,88-15ME-AUTSO-001,,AUTOMATIC SOLDERING MACHINE,I07157,,MACHINE,EVOLUTION MARKETING,SD450II-R,,,,,1006-10PE-P1F0,PLO 62 GROUND FLOOR,,,,,,,Idle,
115,AUTSO,88-15ME-AUTSO-002,,AUTOMATIC SOLDERING MACHINE,I08078,,MACHINE,EVOLUTION MARKETING,SD450II-R,BD0121030041,,,,1006-10PE-P1F0,PLO 62 GROUND FLOOR,,,,,,,Idle,
116,AUTSO,88-15ME-AUTSO-003,,AUTOMATIC SOLDERING MACHINE,I08079,,MACHINE,EVOLUTION MARKETING,SD450II-R,BD0121030042,,,,1006-10PE-P1F0,PLO 62 GROUND FLOOR,,,,,,,Idle,
117,AUTSO,88-15ME-AUTSO-004,,AUTOMATIC SOLDERING MACHINE,I08084,,MACHINE,EVOLUTION MARKETING,SD450II-R,BD0220010240,,,,1006-10PE-P1F0,PLO 62 GROUND FLOOR,,,,,,,Idle,
118,AUTSO,88-15ME-AUTSO-005,,AUTOMATIC SOLDERING MACHINE,I08087,,MACHINE,EVOLUTION MARKETING,SD450II-R,BD0121030038,,,,1006-10PE-P1F0,PLO 62 GROUND FLOOR,,,,,,,Idle,
119,AIPT,88-15ME-AIPT-010,,BATTERY CAPACITY TESTER - INCOMING BATTERY,14501368,1000007875.0,TESTER,,,,,,,,,,,,,,,Idle,
120,AIPT,88-15ME-AIPT-001,,BATTERY LEVEL TESTER - MOTOR ASSEMBLY TESTER,14501367,,TESTER,,,,,,,1006-10PE,ASSEMBLY (PRODUCTION),AIPER,F2_LINE,,,,,Good,
121,WDF030,88-15ME-WDF030-001,,BATTERY SCREW FIXTURE,,,JIG,,VS-WDF030,WDF20251129-030-001,2025.0,,,1006-10PE,ASSEMBLY (PRODUCTION),AIPER,F2_LINE,,,,,Good,
122,WDF021,88-15ME-WDF021-001,,CAMERA SCREW FIXTURE,,,FIXTURE,,VS-WDF021,WDF20251129-021-001,2025.0,,,1006-10PE,ASSEMBLY (PRODUCTION),AIPER,F2_LINE,,,,,Good,
123,CASAS,88-15ME-CASAS-001,,CASTER ASSEMBLY MACHINE,I08080,,MACHINE,TCH ENGINEERING,,,,,,,,,,,,,,Idle,
124,WDF026,88-15ME-WDF026-001,,CHARGE ELECTRODE PRESS FIXTURE,,,FIXTURE,,VS-WDF026,WDF20251129-026-001,2025.0,,,1006-10PE,ASSEMBLY (PRODUCTION),AIPER,F2_LINE,,,,,Good,
125,WDF027,88-15ME-WDF027-001,,CHARGE ELECTRODE SCREW FIXTURE,,,JIG,,VS-WDF027,WDF20251129-027-001,2025.0,,,1006-10PE,ASSEMBLY (PRODUCTION),AIPER,F2_LINE,,,,,Good,
126,WDF038,88-15ME-WDF038-001,,CHARGING COVER SCREW FIXTURE,,,JIG,,VS-WDF038,WDF20251129-038-001,2025.0,,,1006-10PE,ASSEMBLY (PRODUCTION),AIPER,F2_LINE,,,,,Good,
127,WDF002,88-15ME-WDF002-001,,CHARGING WIRE SENSOR SCREW FIXTURE,,,FIXTURE,,VS-WDF002,WDF20251129-002-001,2025.0,,,1006-10PE,ASSEMBLY (PRODUCTION),AIPER,F2_LINE,,,,,Good,
128,WDF019,88-15ME-WDF019-001,,CHARGING WIRE SENSOR SCREW FIXTURE,,,FIXTURE,,VS-WDF019,WDF20251129-019-001,2025.0,,,1006-10PE,ASSEMBLY (PRODUCTION),AIPER,F2_LINE,,,,,Good,
129,CTAH,88-15ME-CTAH-001,,CONSTANT TEMPERATURE AND HUMIDITY,I06208,,MACHINE,SUNMAX ACTIVE TECHNOLOGY,,,,,,,,,,,,,,Idle,
130,WDF020,88-15ME-WDF020-001,,CORE CIRCUIT BOARD SCREW FIXTURE,,,JIG,,VS-WDF020,WDF20251129-020-001,2025.0,,,1006-10PE,ASSEMBLY (PRODUCTION),AIPER,F2_LINE,,,,,Good,
131,C1PS,88-15ME-C1PS-001,,CUSTOMIZE 14 POINTS SINGLE,I06192,,MACHINE,KSONIC,,,,,,,,,,,,,,Idle,
132,C2PD,88-15ME-C2PD-001,,CUSTOMIZE 20 POINTS DOUBLE,I06193,,MACHINE,KSONIC,,,,,,,,,,,,,,Idle,
133,CUTPC,88-15ME-CUTPC-001,,CUTTING PCB MACHINE,I06191,,MACHINE,G-TIME TECHNOLOGY,,,,,,1006-10PE-P1F2,PLO 62 FLOOR 02,,,,,,,Idle,
134,DDCO3,88-15ME-DDCO3-001,,DESKTOP DELL COMPUTER OPTIPLEX 3000MT I3,I08056,,EQUIPMENT,LCO IT,,,,,,,,,,,,,,Idle,
135,DOULA,88-15ME-DOULA-001,,DOUBLE LAYER CONVEYOR - SH4,I05990,,MACHINE,SYNERGY,SH4-2 01-600-450-U 150-N,SH21002,2021.0,,,OBSOLETE,,,,,,,,Obsolete,TRANSFER
136,DOULA,88-15ME-DOULA-002,,DOUBLE LAYER CONVEYOR - SH4,I05991,,MACHINE,SYNERGY,,,2021.0,,,,,,,,,,,Idle,
137,DOULA,88-15ME-DOULA-003,,DOUBLE LAYER CONVEYOR - SH4,I07382,,MACHINE,SYNERGY,,,2021.0,,,,,,,,,,,Idle,
138,DOULA,88-15ME-DOULA-004,,DOUBLE LAYER CONVEYOR - SH4,I08251,,MACHINE,SYNERGY,,,2021.0,,,,,,,,,,,Idle,
139,DOULA,88-15ME-DOULA-005,,DOUBLE LAYER CONVEYOR - SH4,I08252,,MACHINE,SYNERGY,,,2021.0,,,,,,,,,,,Idle,
140,DOULA,88-15ME-DOULA-006,,DOUBLE LAYER CONVEYOR - SH4,I07947,,MACHINE,SYNERGY,SH4-2 1-600-450E 120-N-5R,SH21307/SH21310,2021.0,,,OBSOLETE,,,,,,,,Obsolete,TRANSFER
141,DOULA,88-15ME-DOULA-007,,DOUBLE LAYER CONVEYOR - SH4,I07878,,MACHINE,SYNERGY,,,2021.0,,,,,,,,,,,Idle,
142,DOULA,88-15ME-DOULA-008,,DOUBLE LAYER CONVEYOR - SH4,I07879,,MACHINE,SYNERGY,SH4-2 1-600-450E 120-N-5R,SH21280/SH21285,2021.0,,,OBSOLETE,,,,,,,,Obsolete,TRANSFER
143,DOULA,88-15ME-DOULA-009,,DOUBLE LAYER CONVEYOR - SH4,I07880,,MACHINE,SYNERGY,,,2021.0,,,1006-10PE-P1F2,PLO 62 FLOOR 02,,,,,,,Idle,
144,DOULA,88-15ME-DOULA-010,,DOUBLE LAYER CONVEYOR - SH4,I07877,,MACHINE,SYNERGY,,,2021.0,,,,,,,,,,,Idle,
145,DOULA,88-15ME-DOULA-011,,DOUBLE LAYER CONVEYOR - SH4,I07948,,MACHINE,SYNERGY,,,2021.0,,,1006-10PE-P1F2,PLO 62 FLOOR 02,,,,,,,Idle,
146,DOULA,88-15ME-DOULA-012,,DOUBLE LAYER CONVEYOR - SH4,I07949,,MACHINE,SYNERGY,,,2021.0,,,,,,,,,,,Idle,
147,DSDJA,88-15ME-DSDJA-001,,DOUBLE SCREW DOUBLE JIG AUTOMATIC SCREW MACHINE,I06861,,MACHINE,EVOLUTION MARKETING,SC360II-D,BD0217110444,2021.0,,,1006-10PE,ASSEMBLY (PRODUCTION),AIPER,F2_LINE,,,,,Good,
148,DSDJA,88-15ME-DSDJA-002,,DOUBLE SCREW DOUBLE JIG AUTOMATIC SCREW MACHINE,I07358,,MACHINE,EVOLUTION MARKETING,SC360II-D,BD0221080417,2021.0,,,1006-10PE,ASSEMBLY (PRODUCTION),AIPER,F2_LINE,,,,,Good,
149,DSDJA,88-15ME-DSDJA-003,,DOUBLE SCREW DOUBLE JIG AUTOMATIC SCREW MACHINE,I07517,,MACHINE,EVOLUTION MARKETING,SC360II-D,BD02210800414,2021.0,,,1006-10PE,ASSEMBLY (PRODUCTION),AIPER,F2_LINE,,,,,Good,
150,DSDJA,88-15ME-DSDJA-004,,DOUBLE SCREW DOUBLE JIG AUTOMATIC SCREW MACHINE,I07360,,MACHINE,EVOLUTION MARKETING,SC360II-D,BD02210800416,2021.0,,,1006-10PE,ASSEMBLY (PRODUCTION),AIPER,F2_LINE,,,,,Good,
151,DSDJA,88-15ME-DSDJA-005,,DOUBLE SCREW DOUBLE JIG AUTOMATIC SCREW MACHINE,I06861,,MACHINE,EVOLUTION MARKETING,SC360II-D,BD0217110444,2021.0,,MONTHLY,1006-10PE,ASSEMBLY (PRODUCTION),AIPER,F2_LINE,,2026-02-16,2026-03-18,30.0,Good,UPDATE NEW JIG
152,DSDJA,88-15ME-DSDJA-006,,DOUBLE SCREW DOUBLE JIG AUTOMATIC SCREW MACHINE,I07681,,MACHINE,EVOLUTION MARKETING,SC360II-D,BD0221120781,2021.0,,,1006-10PE,ASSEMBLY (PRODUCTION),AIPER,F2_LINE,,,,,Good,
153,DSDJA,88-15ME-DSDJA-007,,DOUBLE SCREW DOUBLE JIG AUTOMATIC SCREW MACHINE,I07680,,MACHINE,EVOLUTION MARKETING,SC360II-D,BD0221120782,2021.0,,,1006-10PE,ASSEMBLY (PRODUCTION),AIPER,F2_LINE,,,,,Good,
154,DSDJA,88-15ME-DSDJA-008,,DOUBLE SCREW DOUBLE JIG AUTOMATIC SCREW MACHINE,I06857,,MACHINE,EVOLUTION MARKETING,SC360II-D,BD0221040210,2021.0,,,1006-10PE,ASSEMBLY (PRODUCTION),AIPER,F2_LINE,,,,,Good,
155,DSDJA,88-15ME-DSDJA-009,,DOUBLE SCREW DOUBLE JIG AUTOMATIC SCREW MACHINE,I07676,,MACHINE,EVOLUTION MARKETING,SC360II-D,BD0221080780,2022.0,,,1006-10PE,ASSEMBLY (PRODUCTION),AIPER,F2_LINE,,,,,Good,
156,DSDJA,88-15ME-DSDJA-010,,DOUBLE SCREW DOUBLE JIG AUTOMATIC SCREW MACHINE,I07356,,MACHINE,EVOLUTION MARKETING,SC360II-D,BD0221080412,2021.0,,,1006-10PE,ASSEMBLY (PRODUCTION),AIPER,F2_LINE,,,,,Good,
157,DSDJA,88-15ME-DSDJA-011,,DOUBLE SCREW DOUBLE JIG AUTOMATIC SCREW MACHINE,I07359,,MACHINE,EVOLUTION MARKETING,SC360II-D,BD0221080413,2021.0,,,1006-10PE-P1F0,PLO 62 GROUND FLOOR,AIPER,F2_LINE,,,,,NG,PLC
158,DSDJA,88-15ME-DSDJA-012,,DOUBLE SCREW DOUBLE JIG AUTOMATIC SCREW MACHINE,I07678,,MACHINE,EVOLUTION MARKETING,SC360II-D,BD0221120783,2022.0,,,1006-10PE,ASSEMBLY (PRODUCTION),AIPER,F2_LINE,,,,,Good,
159,DSDJA,88-15ME-DSDJA-013,,DOUBLE SCREW DOUBLE JIG AUTOMATIC SCREW MACHINE,I06859,,MACHINE,EVOLUTION MARKETING,SC360II-D,BD0221040208,2021.0,,,1006-10PE,ASSEMBLY (PRODUCTION),AIPER,F2_LINE,,,,,Good,
160,DSDJA,88-15ME-DSDJA-014,,DOUBLE SCREW DOUBLE JIG AUTOMATIC SCREW MACHINE,I07357,,MACHINE,EVOLUTION MARKETING,SC360II-D,BD0221080415,2022.0,,,1006-10PE,ASSEMBLY (PRODUCTION),,,,,,,Good,
161,DSDJA,88-15ME-DSDJA-015,,DOUBLE SCREW DOUBLE JIG AUTOMATIC SCREW MACHINE,I07677,,MACHINE,EVOLUTION MARKETING,SC360II-D,BD0221120779,2022.0,,,1006-10PE-P1F0,PLO 62 GROUND FLOOR,,,,,,,NG,NO PLC
162,WDF011,88-15ME-WDF011-001,,DRAIN OIL SEAL PRESS FIXTURE,,,FIXTURE,,VS-WDF011,WDF20251129-011-001,2025.0,,,1006-10PE,ASSEMBLY (PRODUCTION),AIPER,F2_LINE,,,,,Good,
163,WDF012,88-15ME-WDF012-001,,DRAIN SHAFT SLEEVE PRESS FIXTURE (N30D-N31D),,,FIXTURE,,VS-WDF012,WDF20251129-012-001,2025.0,,,1006-10PE,ASSEMBLY (PRODUCTION),AIPER,F2_LINE,,,,,Good,
164,WDF001,88-15ME-WDF001-001,,DRAIN SHAFT SLEEVE PRESS FIXTURE (N30L),,,FIXTURE,,VS-WDF001,WDF20251129-001-001,2025.0,,,1006-10PE,ASSEMBLY (PRODUCTION),AIPER,F2_LINE,,,,,Good,
165,WDF016,88-15ME-WDF016-001,,DRAINAGE MOTOR SCREW FIXTURE N30D/N31D,,,FIXTURE,,VS-WDF016,WDF20251129-016-001,2025.0,,,1006-10PE,ASSEMBLY (PRODUCTION),AIPER,F2_LINE,,,,,Good,
166,WDF017,88-15ME-WDF017-001,,DRAINAGE MOTOR SCREW FIXTURE N31L,,,FIXTURE,,VS-WDF017,WDF20251129-017-001,2025.0,,,1006-10PE,ASSEMBLY (PRODUCTION),AIPER,F2_LINE,,,,,Good,
167,WDF035,88-15ME-WDF035-001,,FACE SHELL SCREW FIXTURE,,,JIG,,VS-WDF035,WDF20251129-035-001,2025.0,,,1006-10PE,ASSEMBLY (PRODUCTION),AIPER,F2_LINE,,,,,Good,
168,WDF035,88-15ME-WDF035-002,,FACE SHELL SCREW FIXTURE,,,JIG,,VS-WDF035,WDF20251129-035-002,2025.0,,,1006-10PE,ASSEMBLY (PRODUCTION),AIPER,F2_LINE,,,,,Good,
169,AIPT,88-15ME-AIPT-002,,E1-G FLOW DETECTION TESTER,18200359,1000007873.0,TESTER,,,,2026.0,,MONTHLY,1006-10PE,ASSEMBLY (PRODUCTION),AIPER,F2_LINE,,2026-02-16,2026-03-18,30.0,Good,
170,WDF036,88-15ME-WDF036-001,,FRONT SHELL SCREW FIXTURE,,,JIG,,VS-WDF036,WDF20251129-036-001,2025.0,,,1006-10PE,ASSEMBLY (PRODUCTION),AIPER,F2_LINE,,,,,Good,
171,AIPT,88-15ME-AIPT-003,,FUNCTIONAL TESTER - MOTOR ASSEMBLY TESTER,14501367,,TESTER,,,,,,,1006-10PE,ASSEMBLY (PRODUCTION),AIPER,F2_LINE,,,,,Good,
172,AIPT,88-15ME-AIPT-004,,FUNCTIONAL TESTER - MOTOR ASSEMBLY TESTER,14501367,,TESTER,,,,,,,,,,,,,,,Idle,
173,WDF004,88-15ME-WDF004-001,,GARBAGE BASKET HANDLE SCREW FIXTURE,,,JIG,,VS-WDF004,WDF20251129-004-001,2025.0,,,1006-10PE,ASSEMBLY (PRODUCTION),AIPER,F2_LINE,,,,,Good,
174,WDF033,88-15ME-WDF033-001,,GARBAGE BASKET HANDLE SCREW FIXTURE,,,JIG,,VS-WDF033,WDF20251129-033-001,2025.0,,,1006-10PE,ASSEMBLY (PRODUCTION),AIPER,F2_LINE,,,,,Good,
175,GAPAP,88-15ME-GAPAP-001,,GKG AUTOMATION PICK AND PLACEMENT MACHINE,I07898,,MACHINE,JTU PTE LTD,,,,,,1006-10PE-P1F2,PLO 62 FLOOR 02,,,,,,,Idle,
176,GAPAP,88-15ME-GAPAP-002,,GKG AUTOMATION PICK AND PLACEMENT MACHINE,I07898,,MACHINE,JTU PTE LTD,,,,,,1006-10PE-P1F2,PLO 62 FLOOR 02,,,,,,,Idle,
177,GAPAP,88-15ME-GAPAP-003,,GKG AUTOMATION PICK AND PLACEMENT MACHINE,I07898,,MACHINE,JTU PTE LTD,,,,,,1006-10PE-P1F2,PLO 62 FLOOR 02,,,,,,,Idle,
178,GAPAP,88-15ME-GAPAP-004,,GKG AUTOMATION PICK AND PLACEMENT MACHINE,I07898,,MACHINE,JTU PTE LTD,,,,,,1006-10PE-P1F2,PLO 62 FLOOR 02,,,,,,,Idle,
179,GAPAP,88-15ME-GAPAP-005,,GKG AUTOMATION PICK AND PLACEMENT MACHINE,I07898,,MACHINE,JTU PTE LTD,,,,,,1006-10PE-P1F2,PLO 62 FLOOR 02,,,,,,,Idle,
180,GAPAP,88-15ME-GAPAP-006,,GKG AUTOMATION PICK AND PLACEMENT MACHINE,I07898,,MACHINE,JTU PTE LTD,,,,,,1006-10PE-P1F2,PLO 62 FLOOR 02,,,,,,,Idle,
181,HKS,88-15ME-HKS-011,,HAKKO SOLDERING STATION,,,EQUIPMENT,HAKKO,FX951,,,,,,,,,,,,,Idle,
182,WDF034,88-15ME-WDF034-001,,HANDLE COVER SCREW FIXTURE,,,JIG,,VS-WDF034,WDF20251129-034-001,2025.0,,,1006-10PE,ASSEMBLY (PRODUCTION),AIPER,F2_LINE,,,,,Good,
183,WDF007,88-15ME-WDF007-001,,HANDLE SCREW FIXTURE,,,JIG,,VS-WDF007,WDF20251129-007-001,2025.0,,,1006-10PE,ASSEMBLY (PRODUCTION),AIPER,F2_LINE,,,,,Good,
184,HETS1,88-15ME-HETS1-001,,HIOS ELECTRIC TORK SCREWDRIVER 1~5.5KGF.CM,,,EQUIPMENT,HIOS,BLG-4000,52100456BK,2021.0,,,,,,,,,,,Idle,
185,HETS1,88-15ME-HETS1-002,,HIOS ELECTRIC TORK SCREWDRIVER 1~5.5KGF.CM,,,EQUIPMENT,HIOS,BLG-4000,,,,,,,,,,,,,Idle,
186,HETS1,88-15ME-HETS1-003,,HIOS ELECTRIC TORK SCREWDRIVER 1~5.5KGF.CM,,,EQUIPMENT,HIOS,BLG-4000,,,,,,,,,,,,,Idle,
187,HETS1,88-15ME-HETS1-004,,HIOS ELECTRIC TORK SCREWDRIVER 1~5.5KGF.CM,,,EQUIPMENT,HIOS,BLG-4000,,,,,,,,,,,,,Idle,
188,HETS1,88-15ME-HETS1-005,,HIOS ELECTRIC TORK SCREWDRIVER 1~5.5KGF.CM,,,EQUIPMENT,HIOS,BLG-4000,,,,,,,,,,,,,Idle,
189,HETS1,88-15ME-HETS1-006,,HIOS ELECTRIC TORK SCREWDRIVER 1~5.5KGF.CM,,,EQUIPMENT,HIOS,BLG-4000,,,,,,,,,,,,,Idle,
190,HETS1,88-15ME-HETS1-007,,HIOS ELECTRIC TORK SCREWDRIVER 1~5.5KGF.CM,,,EQUIPMENT,HIOS,BLG-4000,,,,,,,,,,,,,Idle,
191,HETS1,88-15ME-HETS1-008,,HIOS ELECTRIC TORK SCREWDRIVER 1~5.5KGF.CM,,,EQUIPMENT,HIOS,BLG-4000,,,,,,,,,,,,,Idle,
192,HETS1,88-15ME-HETS1-009,,HIOS ELECTRIC TORK SCREWDRIVER 1~5.5KGF.CM,,,EQUIPMENT,HIOS,BLG-4000,,,,,,,,,,,,,Idle,
193,HETS1,88-15ME-HETS1-010,,HIOS ELECTRIC TORK SCREWDRIVER 1~5.5KGF.CM,,,EQUIPMENT,HIOS,BLG-4000,,,,,,,,,,,,,Idle,
194,HETS1,88-15ME-HETS1-011,,HIOS ELECTRIC TORK SCREWDRIVER 1~5.5KGF.CM,,,EQUIPMENT,HIOS,BLG-4000,,,,,,,,,,,,,Idle,
195,HETS1,88-15ME-HETS1-012,,HIOS ELECTRIC TORK SCREWDRIVER 1~5.5KGF.CM,,,EQUIPMENT,HIOS,BLG-4000,,,,,,,,,,,,,Idle,
196,HETS1,88-15ME-HETS1-013,,HIOS ELECTRIC TORK SCREWDRIVER 1~5.5KGF.CM,,,EQUIPMENT,HIOS,BLG-4000,,,,,,,,,,,,,Idle,
197,HETS1,88-15ME-HETS1-014,,HIOS ELECTRIC TORK SCREWDRIVER 1~5.5KGF.CM,,,EQUIPMENT,HIOS,BLG-4000,,,,,,,,,,,,,Idle,
198,HETS1,88-15ME-HETS1-015,,HIOS ELECTRIC TORK SCREWDRIVER 1~5.5KGF.CM,,,EQUIPMENT,HIOS,BLG-4000,,,,,,,,,,,,,Idle,
199,HETS1,88-15ME-HETS1-016,,HIOS ELECTRIC TORK SCREWDRIVER 1~5.5KGF.CM,,,EQUIPMENT,HIOS,BLG-4000,,,,,,,,,,,,,Idle,
200,HETS2,88-15ME-HETS2-001,,HIOS ELECTRIC TORK SCREWDRIVER 2~12KGF.CM,,,EQUIPMENT,HIOS,BLG-5000,Z2105629BU,2021.0,,,,,,,,,,,Idle,
201,HETS2,88-15ME-HETS2-002,,HIOS ELECTRIC TORK SCREWDRIVER 2~12KGF.CM,,,EQUIPMENT,HIOS,BLG-5000,,2021.0,,,,,,,,,,,Idle,
202,HETS2,88-15ME-HETS2-003,,HIOS ELECTRIC TORK SCREWDRIVER 2~12KGF.CM,,,EQUIPMENT,HIOS,BLG-5000,,2021.0,,,,,,,,,,,Idle,
203,HETS2,88-15ME-HETS2-004,,HIOS ELECTRIC TORK SCREWDRIVER 2~12KGF.CM,,,EQUIPMENT,HIOS,BLG-5000,,2021.0,,,,,,,,,,,Idle,
204,HETS2,88-15ME-HETS2-005,,HIOS ELECTRIC TORK SCREWDRIVER 2~12KGF.CM,,,EQUIPMENT,HIOS,BLG-5000,,2021.0,,,,,,,,,,,Idle,
205,HETS2,88-15ME-HETS2-006,,HIOS ELECTRIC TORK SCREWDRIVER 2~12KGF.CM,,,EQUIPMENT,HIOS,BLG-5000,,2021.0,,,,,,,,,,,Idle,
206,HETS2,88-15ME-HETS2-007,,HIOS ELECTRIC TORK SCREWDRIVER 2~12KGF.CM,,,EQUIPMENT,HIOS,BLG-5000,,2021.0,,,,,,,,,,,Idle,
207,HETS2,88-15ME-HETS2-008,,HIOS ELECTRIC TORK SCREWDRIVER 2~12KGF.CM,,,EQUIPMENT,HIOS,BLG-5000,,2021.0,,,,,,,,,,,Idle,
208,HETS2,88-15ME-HETS2-009,,HIOS ELECTRIC TORK SCREWDRIVER 2~12KGF.CM,,,EQUIPMENT,HIOS,BLG-5000,,2021.0,,,,,,,,,,,Idle,
209,HETS2,88-15ME-HETS2-010,,HIOS ELECTRIC TORK SCREWDRIVER 2~12KGF.CM,,,EQUIPMENT,HIOS,BLG-5000,,2021.0,,,,,,,,,,,Idle,
210,HETS2,88-15ME-HETS2-011,,HIOS ELECTRIC TORK SCREWDRIVER 2~12KGF.CM,,,EQUIPMENT,HIOS,BLG-5000,,2021.0,,,,,,,,,,,Idle,
211,HETS2,88-15ME-HETS2-012,,HIOS ELECTRIC TORK SCREWDRIVER 2~12KGF.CM,,,EQUIPMENT,HIOS,BLG-5000,,2021.0,,,,,,,,,,,Idle,
212,HETS2,88-15ME-HETS2-013,,HIOS ELECTRIC TORK SCREWDRIVER 2~12KGF.CM,,,EQUIPMENT,HIOS,BLG-5000,,2021.0,,,,,,,,,,,Idle,
213,HETS2,88-15ME-HETS2-014,,HIOS ELECTRIC TORK SCREWDRIVER 2~12KGF.CM,,,EQUIPMENT,HIOS,BLG-5000,,2021.0,,,,,,,,,,,Idle,
214,HETS2,88-15ME-HETS2-015,,HIOS ELECTRIC TORK SCREWDRIVER 2~12KGF.CM,,,EQUIPMENT,HIOS,BLG-5000,,2021.0,,,,,,,,,,,Idle,
215,HETS2,88-15ME-HETS2-016,,HIOS ELECTRIC TORK SCREWDRIVER 2~12KGF.CM,,,EQUIPMENT,HIOS,BLG-5000,,2021.0,,,,,,,,,,,Idle,
216,WDF037/005,88-15ME-WDF037/005-001,,KEY HOT MELT FIXTURE,,,FIXTURE,,,,2025.0,,,1006-10PE,ASSEMBLY (PRODUCTION),AIPER,F2_LINE,,,,,Good,
217,WDF037,88-15ME-WDF037-001,,KEY HOT MELT FIXTURE (N30D-N31D),,,JIG,,VS-WDF037,WDF20251129-037-001,2025.0,,,1006-10PE,ASSEMBLY (PRODUCTION),AIPER,F2_LINE,,,,,Good,
218,WDF005,88-15ME-WDF005-001,,KEY HOT MELT FIXTURE (N30L),,,JIG,,VS-WDF005,WDF20251129-005-001,2025.0,,,1006-10PE,ASSEMBLY (PRODUCTION),AIPER,F2_LINE,,,,,Good,
219,KETS0,88-15ME-KETS0-001,,KILEWS ELECTRIC TORK SCREWDRIVER 0.5~7KGF.CM,,,EQUIPMENT,KILEWS,SKD-BN207L,C03P 03645,2021.0,,,,,,,,,,,Idle,
220,KETS0,88-15ME-KETS0-002,,KILEWS ELECTRIC TORK SCREWDRIVER 0.5~7KGF.CM,,,EQUIPMENT,KILEWS,SKD-BN207L,C03P 03110,2021.0,,,,,,,,,,,Idle,
221,KETS0,88-15ME-KETS0-003,,KILEWS ELECTRIC TORK SCREWDRIVER 0.5~7KGF.CM,,,EQUIPMENT,KILEWS,SKD-BN207L,C03P 03111,2021.0,,,,,,,,,,,Idle,
222,KETS0,88-15ME-KETS0-004,,KILEWS ELECTRIC TORK SCREWDRIVER 0.5~7KGF.CM,,,EQUIPMENT,KILEWS,SKD-BN207L,C03P 03666,2021.0,,,,,,,,,,,Idle,
223,KETS0,88-15ME-KETS0-005,,KILEWS ELECTRIC TORK SCREWDRIVER 0.5~7KGF.CM,,,EQUIPMENT,KILEWS,SKD-BN207L,C03P 03108,2021.0,,,,,,,,,,,Idle,
224,KETS0,88-15ME-KETS0-006,,KILEWS ELECTRIC TORK SCREWDRIVER 0.5~7KGF.CM,,,EQUIPMENT,KILEWS,SKD-BN207L,C03P 03425,2021.0,,,,,,,,,,,Idle,
225,KETS0,88-15ME-KETS0-007,,KILEWS ELECTRIC TORK SCREWDRIVER 0.5~7KGF.CM,,,EQUIPMENT,KILEWS,SKD-BN207L,C03P 03651,2021.0,,,,,,,,,,,Idle,
226,KETS0,88-15ME-KETS0-008,,KILEWS ELECTRIC TORK SCREWDRIVER 0.5~7KGF.CM,,,EQUIPMENT,KILEWS,SKD-BN207L,C03P 03652,2021.0,,,,,,,,,,,Idle,
227,KETS0,88-15ME-KETS0-009,,KILEWS ELECTRIC TORK SCREWDRIVER 0.5~7KGF.CM,,,EQUIPMENT,KILEWS,SKD-BN207L,C03P 03649,2021.0,,,,,,,,,,,Idle,
228,KETS0,88-15ME-KETS0-010,,KILEWS ELECTRIC TORK SCREWDRIVER 0.5~7KGF.CM,,,EQUIPMENT,KILEWS,SKD-BN207L,C03P 03650,2021.0,,,,,,,,,,,Idle,
229,KETS0,88-15ME-KETS0-011,,KILEWS ELECTRIC TORK SCREWDRIVER 0.5~7KGF.CM,,,EQUIPMENT,KILEWS,SKD-BN207L,C03P 02901,2021.0,,,,,,,,,,,Idle,
230,KETS0,88-15ME-KETS0-012,,KILEWS ELECTRIC TORK SCREWDRIVER 0.5~7KGF.CM,,,EQUIPMENT,KILEWS,SKD-BN207L,C03P 03113,2021.0,,,,,,,,,,,Idle,
231,KETS0,88-15ME-KETS0-013,,KILEWS ELECTRIC TORK SCREWDRIVER 0.5~7KGF.CM,,,EQUIPMENT,KILEWS,SKD-BN207L,C03P 03644,2021.0,,,,,,,,,,,Idle,
232,KETS0,88-15ME-KETS0-014,,KILEWS ELECTRIC TORK SCREWDRIVER 0.5~7KGF.CM,,,EQUIPMENT,KILEWS,SKD-BN207L,C03P 03653,2021.0,,,,,,,,,,,Idle,
233,KETS0,88-15ME-KETS0-015,,KILEWS ELECTRIC TORK SCREWDRIVER 0.5~7KGF.CM,,,EQUIPMENT,KILEWS,SKD-BN207L,C03P 03106,2021.0,,,,,,,,,,,Idle,
234,KETS0,88-15ME-KETS0-016,,KILEWS ELECTRIC TORK SCREWDRIVER 0.5~7KGF.CM,,,EQUIPMENT,KILEWS,SKD-BN207L,C03P 03646,2021.0,,,,,,,,,,,Idle,
235,KETS0,88-15ME-KETS0-017,,KILEWS ELECTRIC TORK SCREWDRIVER 0.5~7KGF.CM,,,EQUIPMENT,KILEWS,SKD-BN207L,C03P 03098,2021.0,,,,,,,,,,,Idle,
236,KETS0,88-15ME-KETS0-018,,KILEWS ELECTRIC TORK SCREWDRIVER 0.5~7KGF.CM,,,EQUIPMENT,KILEWS,SKD-BN207L,C03P 03647,2021.0,,,,,,,,,,,Idle,
237,KETS0,88-15ME-KETS0-019,,KILEWS ELECTRIC TORK SCREWDRIVER 0.5~7KGF.CM,,,EQUIPMENT,KILEWS,SKD-BN207L,C03P 02903,2021.0,,,,,,,,,,,Idle,
238,KETS0,88-15ME-KETS0-020,,KILEWS ELECTRIC TORK SCREWDRIVER 0.5~7KGF.CM,,,EQUIPMENT,KILEWS,SKD-BN207L,C03P 03426,2021.0,,,,,,,,,,,Idle,
239,KETS0,88-15ME-KETS0-021,,KILEWS ELECTRIC TORK SCREWDRIVER 0.5~7KGF.CM,,,EQUIPMENT,KILEWS,SKD-BN207L,C03P 02904,2021.0,,,,,,,,,,,Idle,
240,KETS0,88-15ME-KETS0-022,,KILEWS ELECTRIC TORK SCREWDRIVER 0.5~7KGF.CM,,,EQUIPMENT,KILEWS,SKD-BN207L,C03P 03643,2021.0,,,,,,,,,,,Idle,
241,KETS0,88-15ME-KETS0-023,,KILEWS ELECTRIC TORK SCREWDRIVER 0.5~7KGF.CM,,,EQUIPMENT,KILEWS,SKD-BN207L,C03P 03648,2021.0,,,,,,,,,,,Idle,
242,KETS0,88-15ME-KETS0-024,,KILEWS ELECTRIC TORK SCREWDRIVER 0.5~7KGF.CM,,,EQUIPMENT,KILEWS,SKD-BN207L,C03P 02573,2021.0,,,,,,,,,,,Idle,
243,KETS0,88-15ME-KETS0-025,,KILEWS ELECTRIC TORK SCREWDRIVER 0.5~7KGF.CM,,,EQUIPMENT,KILEWS,SKD-BN207L,C03P 02902,2021.0,,,,,,,,,,,Idle,
244,KETS0,88-15ME-KETS0-026,,KILEWS ELECTRIC TORK SCREWDRIVER 0.5~7KGF.CM,,,EQUIPMENT,KILEWS,SKD-BN207L,C03P 03667,2021.0,,,,,,,,,,,Idle,
245,KETS0,88-15ME-KETS0-027,,KILEWS ELECTRIC TORK SCREWDRIVER 0.5~7KGF.CM,,,EQUIPMENT,KILEWS,SKD-BN207L,C03P 03107,2021.0,,,,,,,,,,,Idle,
246,KETS0,88-15ME-KETS0-028,,KILEWS ELECTRIC TORK SCREWDRIVER 0.5~7KGF.CM,,,EQUIPMENT,KILEWS,SKD-BN207L,C03P 03099,2021.0,,,,,,,,,,,Idle,
247,KETS0,88-15ME-KETS0-029,,KILEWS ELECTRIC TORK SCREWDRIVER 0.5~7KGF.CM,,,EQUIPMENT,KILEWS,SKD-BN207L,C03P 03642,2021.0,,,,,,,,,,,Idle,
248,KETS0,88-15ME-KETS0-030,,KILEWS ELECTRIC TORK SCREWDRIVER 0.5~7KGF.CM,,,EQUIPMENT,KILEWS,SKD-BN207L,C03P 03109,2021.0,,,,,,,,,,,Idle,
249,KETS1,88-15ME-KETS1-001,,KILEWS ELECTRIC TORK SCREWDRIVER 1.5~12KGF.CM,,,EQUIPMENT,KILEWS,SKD-BN512L,C07P 03104,2021.0,,,,,,,,,,,Idle,
250,KETS1,88-15ME-KETS1-002,,KILEWS ELECTRIC TORK SCREWDRIVER 1.5~12KGF.CM,,,EQUIPMENT,KILEWS,SKD-BN512L,C07P 02598,2021.0,,,,,,,,,,,Idle,
251,KETS1,88-15ME-KETS1-003,,KILEWS ELECTRIC TORK SCREWDRIVER 1.5~12KGF.CM,,,EQUIPMENT,KILEWS,SKD-BN512L,C07P 02998,2021.0,,,,,,,,,,,Idle,
252,KETS1,88-15ME-KETS1-004,,KILEWS ELECTRIC TORK SCREWDRIVER 1.5~12KGF.CM,,,EQUIPMENT,KILEWS,SKD-BN512L,C07P 02994,2021.0,,,,,,,,,,,Idle,
253,KETS1,88-15ME-KETS1-005,,KILEWS ELECTRIC TORK SCREWDRIVER 1.5~12KGF.CM,,,EQUIPMENT,KILEWS,SKD-BN512L,C07P 03142,2021.0,,,,,,,,,,,Idle,
254,KETS1,88-15ME-KETS1-006,,KILEWS ELECTRIC TORK SCREWDRIVER 1.5~12KGF.CM,,,EQUIPMENT,KILEWS,SKD-BN512L,C07P 03148,2021.0,,,,,,,,,,,Idle,
255,KETS1,88-15ME-KETS1-007,,KILEWS ELECTRIC TORK SCREWDRIVER 1.5~12KGF.CM,,,EQUIPMENT,KILEWS,SKD-BN512L,C07P 02574,2021.0,,,,,,,,,,,Idle,
256,KETS1,88-15ME-KETS1-008,,KILEWS ELECTRIC TORK SCREWDRIVER 1.5~12KGF.CM,,,EQUIPMENT,KILEWS,SKD-BN512L,C07P 03101,2021.0,,,,,,,,,,,Idle,
257,KETS1,88-15ME-KETS1-009,,KILEWS ELECTRIC TORK SCREWDRIVER 1.5~12KGF.CM,,,EQUIPMENT,KILEWS,SKD-BN512L,C07P 02967,2021.0,,,,,,,,,,,Idle,
258,KETS1,88-15ME-KETS1-010,,KILEWS ELECTRIC TORK SCREWDRIVER 1.5~12KGF.CM,,,EQUIPMENT,KILEWS,SKD-BN512L,C07P 02600,2021.0,,,,,,,,,,,Idle,
259,KETS1,88-15ME-KETS1-011,,KILEWS ELECTRIC TORK SCREWDRIVER 1.5~12KGF.CM,,,EQUIPMENT,KILEWS,SKD-BN512L,C07P 02995,2021.0,,,,,,,,,,,Idle,
260,KETS1,88-15ME-KETS1-012,,KILEWS ELECTRIC TORK SCREWDRIVER 1.5~12KGF.CM,,,EQUIPMENT,KILEWS,SKD-BN512L,C07P 03116,2021.0,,,,,,,,,,,Idle,
261,KETS1,88-15ME-KETS1-013,,KILEWS ELECTRIC TORK SCREWDRIVER 1.5~12KGF.CM,,,EQUIPMENT,KILEWS,SKD-BN512L,C07P 03102,2021.0,,,,,,,,,,,Idle,
262,KETS1,88-15ME-KETS1-014,,KILEWS ELECTRIC TORK SCREWDRIVER 1.5~12KGF.CM,,,EQUIPMENT,KILEWS,SKD-BN512L,C07P 02992,2021.0,,,,,,,,,,,Idle,
263,KETS1,88-15ME-KETS1-015,,KILEWS ELECTRIC TORK SCREWDRIVER 1.5~12KGF.CM,,,EQUIPMENT,KILEWS,SKD-BN512L,C07P 03002,2021.0,,,,,,,,,,,Idle,
264,KETS1,88-15ME-KETS1-016,,KILEWS ELECTRIC TORK SCREWDRIVER 1.5~12KGF.CM,,,EQUIPMENT,KILEWS,SKD-BN512L,CP07 02599,2021.0,,,,,,,,,,,Idle,
265,KETS1,88-15ME-KETS1-017,,KILEWS ELECTRIC TORK SCREWDRIVER 1.5~12KGF.CM,,,EQUIPMENT,KILEWS,SKD-BN512L,C07P 03105,2021.0,,,,,,,,,,,Idle,
266,KETS1,88-15ME-KETS1-018,,KILEWS ELECTRIC TORK SCREWDRIVER 1.5~12KGF.CM,,,EQUIPMENT,KILEWS,SKD-BN512L,C07P 02969,2021.0,,,,,,,,,,,Idle,
267,KETS1,88-15ME-KETS1-019,,KILEWS ELECTRIC TORK SCREWDRIVER 1.5~12KGF.CM,,,EQUIPMENT,KILEWS,SKD-BN512L,C07P 02996,2021.0,,,,,,,,,,,Idle,
268,KETS1,88-15ME-KETS1-020,,KILEWS ELECTRIC TORK SCREWDRIVER 1.5~12KGF.CM,,,EQUIPMENT,KILEWS,SKD-BN512L,C07P 02596,2021.0,,,,,,,,,,,Idle,
269,KETS1,88-15ME-KETS1-021,,KILEWS ELECTRIC TORK SCREWDRIVER 1.5~12KGF.CM,,,EQUIPMENT,KILEWS,SKD-BN512L,C07P 03103,2021.0,,,,,,,,,,,Idle,
270,KETS1,88-15ME-KETS1-022,,KILEWS ELECTRIC TORK SCREWDRIVER 1.5~12KGF.CM,,,EQUIPMENT,KILEWS,SKD-BN512L,C07P 03115,2021.0,,,,,,,,,,,Idle,
271,KETS1,88-15ME-KETS1-023,,KILEWS ELECTRIC TORK SCREWDRIVER 1.5~12KGF.CM,,,EQUIPMENT,KILEWS,SKD-BN512L,C07P 03100,2021.0,,,,,,,,,,,Idle,
272,KETS1,88-15ME-KETS1-024,,KILEWS ELECTRIC TORK SCREWDRIVER 1.5~12KGF.CM,,,EQUIPMENT,KILEWS,SKD-BN512L,C07P 02573,2021.0,,,,,,,,,,,Idle,
273,KETS1,88-15ME-KETS1-025,,KILEWS ELECTRIC TORK SCREWDRIVER 1.5~12KGF.CM,,,EQUIPMENT,KILEWS,SKD-BN512L,CP07 03003,2021.0,,,,,,,,,,,Idle,
274,KETS1,88-15ME-KETS1-026,,KILEWS ELECTRIC TORK SCREWDRIVER 1.5~12KGF.CM,,,EQUIPMENT,KILEWS,SKD-BN512L,C07P 02997,2021.0,,,,,,,,,,,Idle,
275,KETS1,88-15ME-KETS1-027,,KILEWS ELECTRIC TORK SCREWDRIVER 1.5~12KGF.CM,,,EQUIPMENT,KILEWS,SKD-BN512L,C07P 02993,2021.0,,,,,,,,,,,Idle,
276,KETS1,88-15ME-KETS1-028,,KILEWS ELECTRIC TORK SCREWDRIVER 1.5~12KGF.CM,,,EQUIPMENT,KILEWS,SKD-BN512L,C07P 02601,2021.0,,,,,,,,,,,Idle,
277,KETS1,88-15ME-KETS1-029,,KILEWS ELECTRIC TORK SCREWDRIVER 1.5~12KGF.CM,,,EQUIPMENT,KILEWS,SKD-BN512L,C07P 02974,2021.0,,,,,,,,,,,Idle,
278,KETS1,88-15ME-KETS1-030,,KILEWS ELECTRIC TORK SCREWDRIVER 1.5~12KGF.CM,,,EQUIPMENT,KILEWS,SKD-BN512L,C07P 03143,2021.0,,,,,,,,,,,Idle,
279,KETS1,88-15ME-KETS1-031,,KILEWS ELECTRIC TORK SCREWDRIVER 1.5~12KGF.CM,,,EQUIPMENT,KILEWS,SKD-BN512L,C07P 02973,2021.0,,,,,,,,,,,Idle,
280,KETS1,88-15ME-KETS1-032,,KILEWS ELECTRIC TORK SCREWDRIVER 1.5~12KGF.CM,,,EQUIPMENT,KILEWS,SKD-BN512L,C07P 03145,2021.0,,,,,,,,,,,Idle,
281,KETS1,88-15ME-KETS1-033,,KILEWS ELECTRIC TORK SCREWDRIVER 1.5~12KGF.CM,,,EQUIPMENT,KILEWS,SKD-BN512L,C07P 03003,2021.0,,,,,,,,,,,Idle,
282,KETS1,88-15ME-KETS1-034,,KILEWS ELECTRIC TORK SCREWDRIVER 1.5~12KGF.CM,,,EQUIPMENT,KILEWS,SKD-BN512L,C07P 02602,2021.0,,,,,,,,,,,Idle,
283,KETS1,88-15ME-KETS1-035,,KILEWS ELECTRIC TORK SCREWDRIVER 1.5~12KGF.CM,,,EQUIPMENT,KILEWS,SKD-BN512L,C07P 03098,2021.0,,,,,,,,,,,Idle,
284,KETS1,88-15ME-KETS1-036,,KILEWS ELECTRIC TORK SCREWDRIVER 1.5~12KGF.CM,,,EQUIPMENT,KILEWS,SKD-BN512L,C07P 02974,2021.0,,,,,,,,,,,Idle,
285,KETS1,88-15ME-KETS1-037,,KILEWS ELECTRIC TORK SCREWDRIVER 1.5~12KGF.CM,,,EQUIPMENT,KILEWS,SKD-BN512L,C07P03144,2021.0,,,,,,,,,,,Idle,
286,KETS1,88-15ME-KETS1-038,,KILEWS ELECTRIC TORK SCREWDRIVER 1.5~12KGF.CM,,,EQUIPMENT,KILEWS,SKD-BN512L,C07P 03099,2021.0,,,,,,,,,,,Idle,
287,KETS1,88-15ME-KETS1-039,,KILEWS ELECTRIC TORK SCREWDRIVER 1.5~12KGF.CM,,,EQUIPMENT,KILEWS,SKD-BN512L,C07P 02603,2021.0,,,,,,,,,,,Idle,
288,KETS1,88-15ME-KETS1-040,,KILEWS ELECTRIC TORK SCREWDRIVER 1.5~12KGF.CM,,,EQUIPMENT,KILEWS,SKD-BN512L,C07P 02968,2021.0,,,,,,,,,,,Idle,
289,KETS3,88-15ME-KETS3-001,,KILEWS ELECTRIC TORK SCREWDRIVER 3~19KGF.CM,,,EQUIPMENT,KILEWS,SKD-BN519L,C09P 13576,2025.0,,,,,,,,,,,Idle,
290,KETS3,88-15ME-KETS3-002,,KILEWS ELECTRIC TORK SCREWDRIVER 3~19KGF.CM,,,EQUIPMENT,KILEWS,SKD-BN519L,C09P 13575,2025.0,,,,,,,,,,,Idle,
291,KUKRO,88-15ME-KUKRO-001,,KUKA ROBOT PALLETIZING,17200439,1000007889.0,MACHINE,SKYER TECHNOLOGIES PLT,,,2025.0,,,,,,,,,,,Idle,
292,WDF014,88-15ME-WDF014-001,,LAMP PLATE BRACKET SCREW FIXTURE (N30D/N31D),,,JIG,,VS-WDF014,WDF20251129-014-001,2025.0,,,1006-10PE,ASSEMBLY (PRODUCTION),AIPER,F2_LINE,,,,,Good,
293,WDF013,88-15ME-WDF013-001,,LAMP PLATE BRACKET SCREW FIXTURE (N30L),,,JIG,,VS-WDF013,WDF20251129-013-001,2025.0,,,1006-10PE,ASSEMBLY (PRODUCTION),AIPER,F2_LINE,,,,,Good,
294,WDF015,88-15ME-WDF015-001,,LAMP PLATE SCREW FIXTURE,,,JIG,,VS-WDF015,WDF20251129-015-001,2025.0,,,1006-10PE,ASSEMBLY (PRODUCTION),AIPER,F2_LINE,,,,,Good,
295,WDF018,88-15ME-WDF018-001,,MAIN BOARD SCREW FIXTURE,,,JIG,,VS-WDF018,WDF20251129-018-000,2025.0,,,1006-10PE,ASSEMBLY (PRODUCTION),AIPER,F2_LINE,,,,,Good,
296,MICDE,88-15ME-MICDE-001,,MICRO DESKTOP COMPUTER - OPTIPLEX MICRO SERIES,16200273,,EQUIPMENT,DELL/ADVANCE FIRST COMPUTER/88PROD30,DELL PRO MICRO DESKTOP,4WCHXCA4,2025.0,,,1006-10PE,ASSEMBLY (PRODUCTION),AIPER,F2_LINE,,,,,Good,
297,MICDE,88-15ME-MICDE-002,,MICRO DESKTOP COMPUTER - OPTIPLEX MICRO SERIES,16200273,,EQUIPMENT,DELL/ADVANCE FIRST COMPUTER/88PROD31,DELL PRO MICRO DESKTOP,1WCHXC4,2025.0,,,1006-10PE,ASSEMBLY (PRODUCTION),AIPER,F2_LINE,,,,,Good,
298,MICDE,88-15ME-MICDE-003,,MICRO DESKTOP COMPUTER - OPTIPLEX MICRO SERIES,16200273,,EQUIPMENT,DELL/ADVANCE FIRST COMPUTER/88PROD32,DELL PRO MICRO DESKTOP,DVCHXC4,2025.0,,,1006-10PE,ASSEMBLY (PRODUCTION),AIPER,F2_LINE,,,,,Good,
299,MICDE,88-15ME-MICDE-004,,MICRO DESKTOP COMPUTER - OPTIPLEX MICRO SERIES,16200273,,EQUIPMENT,DELL/ADVANCE FIRST COMPUTER88PROD33,DELL PRO MICRO DESKTOP,H7DHXC4,2025.0,,,1006-10PE,ASSEMBLY (PRODUCTION),AIPER,F2_LINE,,,,,Good,
300,MICDE,88-15ME-MICDE-005,,MICRO DESKTOP COMPUTER - OPTIPLEX MICRO SERIES,16200273,,EQUIPMENT,DELL/ADVANCE FIRST COMPUTER/88PROD34,DELL PRO MICRO DESKTOP,FXCHXC4,2025.0,,,1006-10PE,ASSEMBLY (PRODUCTION),AIPER,F2_LINE,,,,,Good,
301,MICDE,88-15ME-MICDE-006,,MICRO DESKTOP COMPUTER - OPTIPLEX MICRO SERIES,16200273,,EQUIPMENT,DELL/ADVANCE FIRST COMPUTER/88PROD35,DELL PRO MICRO DESKTOP,GWCHXC4,2025.0,,,1006-10PE,ASSEMBLY (PRODUCTION),AIPER,F2_LINE,,,,,Good,
302,MICDE,88-15ME-MICDE-007,,MICRO DESKTOP COMPUTER - OPTIPLEX MICRO SERIES,16200273,,EQUIPMENT,DELL/ADVANCE FIRST COMPUTER/88PROD36,DELL PRO MICRO DESKTOP,5XCHXC4,2025.0,,,1006-10PE,ASSEMBLY (PRODUCTION),AIPER,F2_LINE,,,,,Good,
303,MICDE,88-15ME-MICDE-008,,MICRO DESKTOP COMPUTER - OPTIPLEX MICRO SERIES,16200273,,EQUIPMENT,DELL/ADVANCE FIRST COMPUTER/88PROD37,DELL PRO MICRO DESKTOP,DXCHXC4,2025.0,,,1006-10PE,ASSEMBLY (PRODUCTION),AIPER,F2_LINE,,,,,Good,
304,MICDE,88-15ME-MICDE-009,,MICRO DESKTOP COMPUTER - OPTIPLEX MICRO SERIES,16200273,,EQUIPMENT,DELL/ADVANCE FIRST COMPUTER/88PROD38,DELL PRO MICRO DESKTOP,9XCHXC4,2025.0,,,1006-10PE,ASSEMBLY (PRODUCTION),AIPER,F2_LINE,,,,,Good,
305,MICDE,88-15ME-MICDE-010,,MICRO DESKTOP COMPUTER - OPTIPLEX MICRO SERIES,16200273,,EQUIPMENT,DELL/ADVANCE FIRST COMPUTER/88PROD39,DELL PRO MICRO DESKTOP,1XCHXC4,2025.0,,,1006-10PE,ASSEMBLY (PRODUCTION),AIPER,F2_LINE,,,,,Good,
306,MICDE,88-15ME-MICDE-011,,MICRO DESKTOP COMPUTER - OPTIPLEX MICRO SERIES,16200273,,EQUIPMENT,DELL/ADVANCE FIRST COMPUTER/88PROD40,DELL PRO MICRO DESKTOP,HWCHXC4,2025.0,,,1006-10PE,ASSEMBLY (PRODUCTION),AIPER,F2_LINE,,,,,Good,
307,MICDE,88-15ME-MICDE-012,,MICRO DESKTOP COMPUTER - OPTIPLEX MICRO SERIES,16200273,,EQUIPMENT,DELL/ADVANCE FIRST COMPUTER/88PROD41,DELL PRO MICRO DESKTOP,BWCHXC4,2025.0,,,1006-10PE,ASSEMBLY (PRODUCTION),AIPER,F2_LINE,,,,,Good,
308,MICDE,88-15ME-MICDE-013,,MICRO DESKTOP COMPUTER - OPTIPLEX MICRO SERIES,16200273,,EQUIPMENT,DELL/ADVANCE FIRST COMPUTER/88PROD42,DELL PRO MICRO DESKTOP,5WCHXC4,2025.0,,,1006-10PE,ASSEMBLY (PRODUCTION),AIPER,F2_LINE,,,,,Good,
309,MICDE,88-15ME-MICDE-014,,MICRO DESKTOP COMPUTER - OPTIPLEX MICRO SERIES,16200273,,EQUIPMENT,DELL/ADVANCE FIRST COMPUTER/88PROD43,DELL PRO MICRO DESKTOP,J7DHXC4,2025.0,,,,,AIPER,F2_LINE,,,,,Idle,
310,MICDE,88-15ME-MICDE-015,,MICRO DESKTOP COMPUTER - OPTIPLEX MICRO SERIES,16200273,,EQUIPMENT,DELL/ADVANCE FIRST COMPUTER/88PROD44,DELL PRO MICRO DESKTOP,7YCHXC4,2025.0,,,,,AIPER,,,,,,Idle,
311,MICDE,88-15ME-MICDE-016,,MICRO DESKTOP COMPUTER - OPTIPLEX MICRO SERIES,16200273,,EQUIPMENT,DELL/ADVANCE FIRST COMPUTER/88PROD45,DELL PRO MICRO DESKTOP,7XCHXC4,2025.0,,,,,AIPER,,,,,,Idle,
312,WDF031,88-15ME-WDF031-001,,MOTOR COMPARTMENT SCREW FIXTURE,,,JIG,,VS-WDF031,WDF20251129-031-001,2025.0,,,1006-10PE,ASSEMBLY (PRODUCTION),AIPER,F2_LINE,,,,,Good,
313,WDF031,88-15ME-WDF031-002,,MOTOR COMPARTMENT SCREW FIXTURE,,,JIG,,VS-WDF031,WDF20251129-031-002,2025.0,,,1006-10PE,ASSEMBLY (PRODUCTION),AIPER,F2_LINE,,,,,Good,
314,AIPT,88-15ME-AIPT-005,,MOTOR COMPARTMENT TESTER - MOTOR ASSEMBLY TESTER,14501367,1000007874.0,TESTER,,,,,,,1006-10PE,ASSEMBLY (PRODUCTION),AIPER,F2_LINE,,,,,Good,
315,PDTM,88-15ME-PDTM-001,,PACKAGE DROP TEST MACHINE,I06145,,MACHINE,SUNMAX ACTIVE TECHNOLOGY,,,,,,,,,,,,,,Idle,
316,QUISO,88-15ME-QUISO-001,,QUICK SOLDERING MACHINE,I08261,,MACHINE,ATOM ELECTRONIC,QUICKET9483EQLI312NF04406,EA-20220606-0019,2022.0,,,1006-10PE-P1F0,PLO 62 GROUND FLOOR,,,,,,,Idle,
317,QUISO,88-15ME-QUISO-002,,QUICK SOLDERING MACHINE,I08263,,MACHINE,ATOM ELECTRONIC,QUICKET9483EQLI312NF04406,EA-20230106-0006,2023.0,,,1006-10PE-P1F0,PLO 62 GROUND FLOOR,,,,,,,Idle,
318,QUISO,88-15ME-QUISO-003,,QUICK SOLDERING MACHINE,I08264,,MACHINE,ATOM ELECTRONIC,QUICKET9483EQLI312NF04406,EA-20230501-0001,2023.0,,,1006-10PE-P1F2,PLO 62 FLOOR 02,,,,,,,Idle,
319,AIPT,88-15ME-AIPT-006,,SEALING TESTER 1,18200373,1000007872.0,TESTER,,,,2025.0,,,1006-10PE,ASSEMBLY (PRODUCTION),AIPER,F2_LINE,,,,,Good,
320,AIPT,88-15ME-AIPT-007,,SEALING TESTER 2,18200373,,TESTER,,,,2025.0,,,1006-10PE,ASSEMBLY (PRODUCTION),AIPER,F2_LINE,,,,,Good,
321,WDF040,88-15ME-WDF040-001,,SEMI FINISHED ASSEMBLY FIXTURE,,,JIG,,VS-WDF040,WDF20251129-040-001,2025.0,,,1006-10PE,ASSEMBLY (PRODUCTION),AIPER,F2_LINE,,,,,Good,
322,WDF040,88-15ME-WDF040-002,,SEMI FINISHED ASSEMBLY FIXTURE,,,JIG,,VS-WDF040,WDF20251129-040-002,2025.0,,,1006-10PE,ASSEMBLY (PRODUCTION),AIPER,F2_LINE,,,,,Good,
323,WDF040,88-15ME-WDF040-003,,SEMI FINISHED ASSEMBLY FIXTURE,,,JIG,,VS-WDF040,WDF20251129-040-003,2025.0,,,1006-10PE,ASSEMBLY (PRODUCTION),AIPER,F2_LINE,,,,,Good,
324,WDF040,88-15ME-WDF040-004,,SEMI FINISHED ASSEMBLY FIXTURE,,,JIG,,VS-WDF040,WDF20251129-040-004,2025.0,,,1006-10PE,ASSEMBLY (PRODUCTION),AIPER,F2_LINE,,,,,Good,
325,SDM,88-15ME-SDM-001,,SEMIAUTOMATIC DISPENSING MACHINE,,,MACHINE,,TFT-2600ML-A,16874587,2025.0,,,1006-10PE,ASSEMBLY (PRODUCTION),AIPER,F2_LINE,,,,,Good,
326,SDM,88-15ME-SDM-002,,SEMIAUTOMATIC DISPENSING MACHINE,,,MACHINE,,TFT-2600ML-A,16874575,2025.0,,,1006-10PE,ASSEMBLY (PRODUCTION),AIPER,F2_LINE,,,,,Good,
327,SDM,88-15ME-SDM-003,,SEMIAUTOMATIC DISPENSING MACHINE,,,MACHINE,,TFT-2600ML-A,16874584,2025.0,,,1006-10PE,ASSEMBLY (PRODUCTION),AIPER,F2_LINE,,,,,Good,
328,SDM,88-15ME-SDM-004,,SEMIAUTOMATIC DISPENSING MACHINE,,,MACHINE,,TFT-2600ML-A,16874576,2025.0,,,1006-10PE,ASSEMBLY (PRODUCTION),AIPER,F2_LINE,,,,,Good,
329,SH4CO,88-15ME-SH4CO-001,,SH4 CONVEYOR MACHINE,I05988,,MACHINE,SYNERGY,,,2021.0,,,,,,,,,,,Idle,
330,SH4CO,88-15ME-SH4CO-002,,SH4 CONVEYOR MACHINE,I05989,,MACHINE,SYNERGY,,,2021.0,,,1006-10PE-P1F2,PLO 62 FLOOR 02,,,,,,,Idle,
331,SH4CO,88-15ME-SH4CO-003,,SH4 CONVEYOR MACHINE,I08039,,MACHINE,SYNERGY,SH4-2 1-1200-450-E 150-1-N,SH21392,2021.0,,,1006-10PE,ASSEMBLY (PRODUCTION),AIPER,F2_LINE,,,,,Good,
332,SH5BW,88-15ME-SH5BW-001,,SH5 BW45018 CONVEYOR,I07875,,MACHINE,SYNERGY,SH5-2 1-1800-450-E 150-1-N,SH212223,2021.0,,,1006-10PE,ASSEMBLY (PRODUCTION),AIPER,F2_LINE,,,,,Good,
333,SH5BW,88-15ME-SH5BW-002,,SH5 BW45018 CONVEYOR,I07276,,MACHINE,SYNERGY,SH5-2 1-1800-450-E 150-1-N,,2021.0,,,1006-10PE,ASSEMBLY (PRODUCTION),AIPER,F2_LINE,,,,,Good,
334,WDF009,88-15ME-WDF009-001,,SHELL HANDLE SCREW FIXTURE,,,JIG,,VS-WDF009,WDF20251129-009-001,2025.0,,,1006-10PE,ASSEMBLY (PRODUCTION),AIPER,F2_LINE,,,,,Good,
335,WDF028,88-15ME-WDF028-001,,SIDE JET MOTOR OIL SEAL PRESS FIXTURE,,,FIXTURE,,VS-WDF028,WDF20251129-028-001,2025.0,,,1006-10PE,ASSEMBLY (PRODUCTION),AIPER,F2_LINE,,,,,Good,
336,WDF029,88-15ME-WDF029-001,,SIDE JET MOTOR SCREW FIXTURE,,,JIG,,VS-WDF029,WDF20251129-029-001,2025.0,,,1006-10PE,ASSEMBLY (PRODUCTION),AIPER,F2_LINE,,,,,Good,
337,SDDJA,88-15ME-SDDJA-001,,SINGLE DISPENSING DOUBLE JIG MACHINE,I06868,14556987.0,MACHINE,JTU PTE LTD,TS350-2,B2Y21062912,2021.0,,MONTHLY,1006-10PE,ASSEMBLY (PRODUCTION),AIPER,F2_LINE,,2026-02-21,2026-03-23,30.0,Good,
338,SDDJA,88-15ME-SDDJA-002,,SINGLE DISPENSING DOUBLE JIG MACHINE,I08369,,MACHINE,JTU PTE LTD,TS350-2,B2Y2206025,2022.0,,,1006-10PE,ASSEMBLY (PRODUCTION),AIPER,F2_LINE,,,,,Good,
339,SINLA,88-15ME-SINLA-001,,SINGLE LAYER CONVEYOR -SH4,I07876,,MACHINE,SYNERGY,,,2021.0,,,,,,,,,,,Idle,
340,SINLA,88-15ME-SINLA-002,,SINGLE LAYER CONVEYOR -SH4,I07881,,MACHINE,SYNERGY,,,2021.0,,,1006-10PE-P1F2,PLO 62 FLOOR 02,,,,,,,Idle,
341,SINLA,88-15ME-SINLA-003,,SINGLE LAYER CONVEYOR -SH4,I07950,,MACHINE,SYNERGY,,,2021.0,,,1006-10PE-P1F2,PLO 62 FLOOR 02,,,,,,,Idle,
342,SSDJA,88-15ME-SSDJA-001,,SINGLE SCREW DOUBLE JIG AUTOMATIC SCREW MACHINE,I07993,,MACHINE,CHANG SOON,WT-4221-2Y,2021SF003,2021.0,,,1006-10PE-P1F0,PLO 62 GROUND FLOOR,,,,,,,Idle,
343,SSSJA,88-15ME-SSSJA-001,,SINGLE SCREW SINGLE JIG AUTOMATIC SCREW MACHINE,I06858,,MACHINE,EVOLUTION MARKETING,SC-380,BD0218050409,2021.0,,,1006-10PE,ASSEMBLY (PRODUCTION),AIPER,F2_LINE,,,,,Good,
344,SSSJA,88-15ME-SSSJA-002,,SINGLE SCREW SINGLE JIG AUTOMATIC SCREW MACHINE,I07679,,MACHINE,EVOLUTION MARKETING,SC-380,BD0218050413,2021.0,,,1006-10PE,ASSEMBLY (PRODUCTION),AIPER,F2_LINE,,,,,Good,
345,SMAOW,88-15ME-SMAOW-001,,SMART OWEIGHING MACHINE,I07901,,MACHINE,IRADAR,,,,,,,,,,,,,,Idle,
346,SMAOW,88-15ME-SMAOW-002,,SMART OWEIGHING MACHINE,I07902,,MACHINE,IRADAR,,,,,,OBSOLETE,,,,,,,,Obsolete,TRANSFER 16EM
347,SPE,88-15ME-SPE-001,,SPECTROPHOTOMETER,I06864,,EQUIPMENT,SUNMAX ACTIVE TECHNOLOGY,,,,,,,,,,,,,,Idle,
348,SPIDR,88-15ME-SPIDR-001,,SPIN DRYER MACHINE,14501345,1000007890.0,MACHINE,SKYER TECHNOLOGIES PLT,,,2025.0,,,1006-10PE,ASSEMBLY (PRODUCTION),AIPER,F2_LINE,,,,,Good,
349,SPIDR,88-15ME-SPIDR-002,,SPIN DRYER MACHINE,14501348,,MACHINE,SKYER TECHNOLOGIES PLT,,,2025.0,,,1006-10PE,ASSEMBLY (PRODUCTION),AIPER,F2_LINE,,,,,Good,
350,WDF010,88-15ME-WDF010-001,,TOP COVER RADIUM JIG,,,JIG,,VS-WDF010,WDF20251129-010-001,2025.0,,,1006-10PE,ASSEMBLY (PRODUCTION),AIPER,F2_LINE,,,,,Good,
351,TRASI,88-15ME-TRASI-001,,TRANSPORT SIMULATION VIBRATION,I06146,,MACHINE,SUNMAX ACTIVE TECHNOLOGY,,,,,,,,,,,,,,Idle,
352,WDF025,88-15ME-WDF025-001,,TRAVEL MOTOR ACCESSORIES FIXTURE,,,JIG,,VS-WDF025,WDF20251129-025-001,2025.0,,,1006-10PE,ASSEMBLY (PRODUCTION),AIPER,F2_LINE,,,,,Good,
353,WDF024,88-15ME-WDF024-001,,TRAVEL MOTOR BRACKET SCREW FIXTURE,,,JIG,,VS-WDF024,WDF20251129-024-001,2025.0,,,1006-10PE,ASSEMBLY (PRODUCTION),AIPER,F2_LINE,,,,,Good,
354,WDF022,88-15ME-WDF022-001,,TRAVEL MOTOR OIL SEAL PRESS FIXTURE,,,FIXTURE,,VS-WDF022,WDF20251129-022-001,2025.0,,,1006-10PE,ASSEMBLY (PRODUCTION),AIPER,F2_LINE,,,,,Good,
355,WDF023,88-15ME-WDF023-001,,TRAVEL MOTOR SCREW FIXTURE,,,JIG,,VS-WDF023,WDF20251129-023-002,2025.0,,,1006-10PE,ASSEMBLY (PRODUCTION),AIPER,F2_LINE,,,,,Good,
356,WDF023,88-15ME-WDF023-002,,TRAVEL MOTOR SCREW FIXTURE,,,JIG,,VS-WDF023,WDF20251129-023-002,2025.0,,,1006-10PE,ASSEMBLY (PRODUCTION),AIPER,F2_LINE,,,,,Good,
357,AIPT,88-15ME-AIPT-008,,TRAVEL MOTOR TESTER - MOTOR ASSEMBLY TESTER,14501367,1000007871.0,TESTER,,,,,,,1006-10PE,ASSEMBLY (PRODUCTION),AIPER,F2_LINE,,,,,Good,
358,TUNDR,88-15ME-TUNDR-001,,TUNNEL DRYING FURNACE,14501346,1000007858.0,MACHINE,QIANCHENGXIN,ZDSGHDL-20250808,ZG2025091001,2025.0,,,1006-10PE,ASSEMBLY (PRODUCTION),AIPER,F2_LINE,,,,,Good,
359,TUNDR,88-15ME-TUNDR-002,,TUNNEL DRYING FURNACE,14501347,,MACHINE,QIANCHENGXIN,ZDSGHDL-20250808,ZG2025091002,2025.0,,,,,AIPER,F2_LINE,,,,,Idle,
360,TIF,88-15ME-TIF-001,,TWIN IONIZING FAN,,,EQUIPMENT,ZEJING,ZJ-LCFJ,2022,,,,,,,,,,,,Idle,
361,TIF,88-15ME-TIF-002,,TWIN IONIZING FAN,,,EQUIPMENT,ZEJING,ZJ-LCFJ,2022,,,,,,,,,,,,Idle,
362,TIF,88-15ME-TIF-003,,TWIN IONIZING FAN,,,EQUIPMENT,ZEJING,ZJ-LCFJ,2022,,,,,,,,,,,,Idle,
363,TIF,88-15ME-TIF-004,,TWIN IONIZING FAN,,,EQUIPMENT,ZEJING,ZJ-LCFJ,2022,,,,,,,,,,,,Idle,
364,TIF,88-15ME-TIF-005,,TWIN IONIZING FAN,,,EQUIPMENT,ZEJING,ZJ-LCFJ,2022,,,,,,,,,,,,Idle,
365,TIF,88-15ME-TIF-006,,TWIN IONIZING FAN,,,EQUIPMENT,ZEJING,ZJ-LCFJ,2022,,,,,,,,,,,,Idle,
366,TIF,88-15ME-TIF-007,,TWIN IONIZING FAN,,,EQUIPMENT,ZEJING,ZJ-LCFJ,2022,,,,,,,,,,,,Idle,
367,TIF,88-15ME-TIF-008,,TWIN IONIZING FAN,,,EQUIPMENT,ZEJING,ZJ-LCFJ,2022,,,,,,,,,,,,Idle,
368,TIF,88-15ME-TIF-009,,TWIN IONIZING FAN,,,EQUIPMENT,ZEJING,ZJ-LCFJ,2022,,,,,,,,,,,,Idle,
369,ULTPL,88-15ME-ULTPL-001,,ULTRASONIC PLASTIC WELDER,I08083,,MACHINE,KSONIC,K3000A,K1167,,,,1006-10PE-P1F0,PLO 62 GROUND FLOOR,,,,,,,Idle,
370,ULTPL,88-15ME-ULTPL-002,,ULTRASONIC PLASTIC WELDER,I08082,,MACHINE,KSONIC,KWB2615-L,K1168,,,,1006-10PE-P1F2,PLO 62 FLOOR 02,,,,,,,Idle,
371,ULTPL,88-15ME-ULTPL-003,,ULTRASONIC PLASTIC WELDER,I08088,,MACHINE,KSONIC,IBA-F1530S,K1339,,,,1006-10PE-P1F2,PLO 62 FLOOR 02,,,,,,,Idle,
372,ULTPL,88-15ME-ULTPL-004,,ULTRASONIC PLASTIC WELDER,,,MACHINE,KSONIC,KWB2615-L,K1169,,,,1006-10PE-P1F2,PLO 62 FLOOR 02,,,,,,,Idle,
373,UCM,88-15ME-UCM-001,,UV CURING MACHINE,,,MACHINE,VS78,,,,,,,,,,,,,,Idle,
374,UCM,88-15ME-UCM-002,,UV CURING MACHINE,,,MACHINE,SKYER TECHNOLOGIES PLT,,,2025.0,,,1006-10PE,ASSEMBLY (PRODUCTION),AIPER,F2_LINE,,,,,Good,
375,VERLI,88-15ME-VERLI-001,,VERTICAL LIFTER CONVENYOR,I07896,,MACHINE,JTU PTE LTD,SJ-L5BS,20220325001,2022.0,,,1006-10PE,ASSEMBLY (PRODUCTION),AIPER,F2_LINE,,,,,Good,
376,VERLI,88-15ME-VERLI-002,,VERTICAL LIFTER CONVENYOR,I07516,,MACHINE,JTU,SJ-L5BS,20220105001,2022.0,,,1006-10PE,ASSEMBLY (PRODUCTION),AIPER,F2_LINE,,,,,Good,
377,VERLI,88-15ME-VERLI-003,,VERTICAL LIFTER CONVENYOR,I08033,,MACHINE,,SJ-L5BS,20211018004,2021.0,,,1006-10PE-P1F2,PLO 62 FLOOR 02,,,,,,,Idle,
378,VERLI,88-15ME-VERLI-004,,VERTICAL LIFTER CONVENYOR,I08034,,MACHINE,,SJ-L5BS,20211018001,2021.0,,,1006-10PE-P1F2,PLO 62 FLOOR 02,,,,,,,Idle,
379,VISCH,88-15ME-VISCH-001,,VISION CHECKING SYSTEM,I08483,,MACHINE,WANDEL,,,,,,1006-10PE-P1F2,PLO 62 FLOOR 02,,,,,,,Idle,
380,VISCH,88-15ME-VISCH-002,,VISION CHECKING SYSTEM,I07951,,EQUIPMENT,WANDEL,,,,,,1006-10PE-P1F0,PLO 62 GROUND FLOOR,,,,,,,Idle,
381,VISCH,88-15ME-VISCH-003,,VISION CHECKING SYSTEM,I07815,,EQUIPMENT,WANDEL,,,,,,1006-10PE-P1F0,PLO 62 GROUND FLOOR,,,,,,,Idle,
382,AIPT,88-15ME-AIPT-009,,WATER PUMP MOTOR TESTER - MOTOR ASSEMBLY TESTER,14501367,1000007864.0,TESTER,,,,,,,1006-10PE,ASSEMBLY (PRODUCTION),AIPER,F2_LINE,,,,,Good,
383,WDF006,88-15ME-WDF006-001,,WATER RETAIN STRIP CUT FIXTURE 1,,,FIXTURE,,VS-WDF006,WDF20251129-006-001,2025.0,,,1006-10PE,ASSEMBLY (PRODUCTION),AIPER,F2_LINE,,,,,Good,
384,WDF039,88-15ME-WDF039-001,,WATER RETAIN STRIP CUT FIXTURE 2,,,FIXTURE,,VS-WDF039,WDF20251129-039-001,2025.0,,,1006-10PE,ASSEMBLY (PRODUCTION),AIPER,F2_LINE,,,,,Good,
385,WSFR,88-15ME-WSFR-001,,WATERON SCREW FASTENING ROBOT,I07994,,MACHINE,CHANG SOON,WT-4221-2Y,2021SF001,2021.0,,,1006-10PE-P1F0,PLO 62 GROUND FLOOR,,,,,,,Idle,
386,WSS,88-15ME-WSS-001,,WELLER SOLDERING STATION,,,EQUIPMENT,WELLER,WT1012N,2020,,,,,,,,,,,,Idle,
387,WSS,88-15ME-WSS-002,,WELLER SOLDERING STATION,,,EQUIPMENT,WELLER,WT1012N,2020,,,,,,,,,,,,Idle,
388,WSS,88-15ME-WSS-003,,WELLER SOLDERING STATION,,,EQUIPMENT,WELLER,WT1012N,2020,,,,,,,,,,,,Idle,
389,WSS,88-15ME-WSS-004,,WELLER SOLDERING STATION,,,EQUIPMENT,WELLER,WT1012N,2020,,,,,,,,,,,,Idle,
390,WSS,88-15ME-WSS-005,,WELLER SOLDERING STATION,,,EQUIPMENT,WELLER,WT1012N,2020,,,,,,,,,,,,Idle,
391,WRAMA,88-15ME-WRAMA-001,,WRAPPING MACHINE,I08118,,MACHINE,SUNSTREAM INDUSTRIES,,,,,,,,,,,,,,Idle,
392,ZZ6L,88-15ME-ZZ6L-001,,ZEBRA ZT411 600DPI LABEL,I06072,,EQUIPMENT,ZEBRA,,,,,,,,,,,,,,Idle,
393,ZZ6L,88-15ME-ZZ6L-002,,ZEBRA ZT411 600DPI LABEL,I07271,,EQUIPMENT,ZEBRA,,,,,,OBSOLETE,,,,,,,,Obsolete,TRANSFER TO 15AS
394,ZZ6L,88-15ME-ZZ6L-003,,ZEBRA ZT411 600DPI LABEL,I07270,,EQUIPMENT,ZEBRA,,,,,,,,,,,,,,Idle,
395,ZZ6L,88-15ME-ZZ6L-004,,ZEBRA ZT411 600DPI LABEL,I08061,,EQUIPMENT,DSQUARED,,,,,,OBSOLETE,,,,,,,,Obsolete,TRANSFER 16P
396,ZP,88-15ME-ZP-001,,ZEBRA PRINTER,,,EQUIPMENT,LYC,G123,20161201123456,2026.0,,YEARLY,,,,,,2026-02-20,2027-02-20,365.0,Good,
397,ZP,88-15ME-ZP-002,15ME,ZEBRA PRINTER,,,EQUIPMENT,LYC,G123,2025120512356,2025.0,,MONTHLY,,,,,,2026-02-20,2026-03-22,30.0,Good,
398,ZP,88-15ME-ZP-003,15ME,ZEBRA PRINTER,,,EQUIPMENT,LYC,G123,2025120512356,2026.0,,YEARLY,,,,,,2026-02-20,2027-02-20,365.0,Good,
